profile_id,type,incarnation_cross,profile_lines
demo-0001,Manifesting Generator,RAX-4,6/3
demo-0002,Generator,RAX-29,2/4
demo-0003,Manifestor,RAX-12,5/2
demo-0004,Manifesting Generator,RAX-4,1/4
demo-0005,Generator,RAX-4,5/1
demo-0006,Generator,LAX-22,2/5
demo-0007,Manifesting Generator,LAX-4,1/3
demo-0008,Manifestor,RAX-21,6/3
demo-0009,Manifesting Generator,LAX-4,2/4
demo-0010,Generator,LAX-12,1/4
demo-0011,Generator,RAX-13,3/6
demo-0012,Projector,LAX-2,1/3
demo-0013,Manifestor,RAX-16,4/6
demo-0014,Generator,LAX-6,6/2
demo-0015,Manifesting Generator,LAX-15,5/2
demo-0016,Generator,RAX-9,1/3
demo-0017,Manifesting Generator,LAX-6,1/4
demo-0018,Projector,RAX-13,4/6
demo-0019,Generator,LAX-15,2/4
demo-0020,Manifesting Generator,RAX-27,6/2
demo-0021,Generator,RAX-10,5/2
demo-0022,Manifesting Generator,RAX-32,2/4
demo-0023,Manifesting Generator,LAX-3,6/2
demo-0024,Manifesting Generator,RAX-29,6/2
demo-0025,Generator,RAX-8,2/5
demo-0026,Projector,LAX-9,4/6
demo-0027,Generator,RAX-28,5/2
demo-0028,Projector,LAX-9,2/5
demo-0029,Manifesting Generator,LAX-19,6/2
demo-0030,Manifesting Generator,LAX-2,2/4
demo-0031,Generator,LAX-2,6/3
demo-0032,Manifesting Generator,LAX-20,3/6
demo-0033,Generator,RAX-18,5/1
demo-0034,Manifesting Generator,RAX-7,1/4
demo-0035,Generator,RAX-21,6/2
demo-0036,Manifesting Generator,RAX-9,4/6
demo-0037,Manifesting Generator,LAX-28,5/1
demo-0038,Generator,RAX-2,6/2
demo-0039,Manifestor,LAX-3,6/2
demo-0040,Generator,LAX-6,4/6
demo-0041,Generator,RAX-1,6/3
demo-0042,Projector,LAX-2,5/1
demo-0043,Manifestor,RAX-14,6/2
demo-0044,Generator,RAX-26,2/4
demo-0045,Manifesting Generator,RAX-21,5/1
demo-0046,Projector,RAX-1,5/2
demo-0047,Generator,RAX-3,1/4
demo-0048,Projector,LAX-8,2/5
demo-0049,Generator,RAX-11,1/4
demo-0050,Manifestor,RAX-9,5/1
demo-0051,Manifestor,RAX-17,6/2
demo-0052,Manifesting Generator,RAX-22,3/5
demo-0053,Manifesting Generator,LAX-23,2/5
demo-0054,Projector,RAX-26,6/3
demo-0055,Generator,LAX-16,4/1
demo-0056,Projector,LAX-26,1/4
demo-0057,Generator,RAX-9,3/6
demo-0058,Generator,RAX-30,5/2
demo-0059,Generator,RAX-10,6/3
demo-0060,Manifesting Generator,RAX-30,1/4
demo-0061,Projector,LAX-11,1/4
demo-0062,Manifesting Generator,LAX-4,6/2
demo-0063,Manifesting Generator,RAX-17,6/3
demo-0064,Projector,LAX-29,2/5
demo-0065,Manifestor,LAX-21,2/5
demo-0066,Generator,LAX-24,3/6
demo-0067,Manifesting Generator,LAX-28,6/3
demo-0068,Generator,RAX-13,1/3
demo-0069,Manifesting Generator,LAX-12,1/4
demo-0070,Generator,RAX-25,5/1
demo-0071,Manifesting Generator,LAX-23,2/4
demo-0072,Generator,RAX-32,1/4
demo-0073,Manifesting Generator,RAX-13,1/3
demo-0074,Manifesting Generator,RAX-2,1/4
demo-0075,Projector,RAX-31,2/4
demo-0076,Manifesting Generator,LAX-30,2/5
demo-0077,Projector,RAX-8,2/4
demo-0078,Manifesting Generator,LAX-18,3/5
demo-0079,Projector,LAX-27,3/5
demo-0080,Manifesting Generator,LAX-31,2/4
demo-0081,Generator,RAX-28,1/3
demo-0082,Manifesting Generator,RAX-8,6/3
demo-0083,Generator,RAX-7,5/2
demo-0084,Manifesting Generator,RAX-21,1/3
demo-0085,Projector,RAX-11,2/4
demo-0086,Generator,RAX-9,6/2
demo-0087,Projector,LAX-20,1/4
demo-0088,Projector,RAX-32,5/2
demo-0089,Manifesting Generator,RAX-11,4/6
demo-0090,Manifesting Generator,LAX-9,3/5
demo-0091,Generator,LAX-9,2/5
demo-0092,Generator,RAX-17,6/2
demo-0093,Manifesting Generator,LAX-27,3/6
demo-0094,Projector,RAX-10,1/3
demo-0095,Manifesting Generator,RAX-13,1/4
demo-0096,Manifesting Generator,LAX-2,2/4
demo-0097,Projector,RAX-9,2/5
demo-0098,Generator,RAX-21,4/1
demo-0099,Projector,LAX-7,5/2
demo-0100,Projector,RAX-2,6/2
